bampo	Lithang	Lhasa	Dege
lj0001_001	1@1b1	1@1b1	1@1b1
lj0001_002	1@17b8	1@20b7	1@15a7
lj0001_003	1@27b4	1@33b6	1@25a2
lj0001_004	1@37b3	1@47a3	1@34b7
lj0001_005	1@47a2	1@63a1	1@45b6
lj0001_006	1@67a8	1@88b2	1@64a1
lj0001_007	1@79a1	1@105a6	1@75b1
lj0001_008	1@90b6	1@121b6	1@87a6
lj0001_009	1@102b5	1@138a7	1@99a2
lj0001_010	1@115a2	1@155b3	1@111a4
lj0001_011	1@128a3	1@173a7	1@124a2
lj0001_012	1@140b6	1@192a6	1@137b3
lj0001_013	1@155b2	1@213b5	1@152a1
lj0001_014	1@168a2	1@231a4	1@164b4
lj0001_015	1@181b8	1@248b2	1@176b4
lj0001_016	1@197a7	1@269b3	1@191b5
lj0001_017	1@212a5	1@289b3	1@206a4
lj0001_018	1@224b1	1@306b1	1@218b1
lj0001_019	1@238a8	1@325a2	1@232a5
lj0001_020	1@251a8	1@343a2	1@245a6
lj0001_021	1@264a5	1@361a3	1@258b3
lj0001_022	1@278a1	2@1b1	1@272b6
lj0001_023	1@290a1	2@19a5	1@285a5
lj0001_024	1@302b2	2@37a4	1@298a6
lj0001_025	2@1b1	2@55a7	2@1b1
lj0001_026	2@13b5	2@73a7	2@14a5
lj0001_027	2@26a8	2@92a3	2@27a2
lj0001_028	2@39a1	2@110a6	2@39b6
lj0001_029	2@49a6	2@125a5	2@50a6
lj0001_030	2@59b4	2@140b1	2@60b7
lj0001_031	2@69b5	2@154b3	2@70b6
lj0001_032	2@78b6	2@167b4	2@80a5
lj0001_033	2@88b3	2@181b1	2@90a5
lj0001_034	2@99a8	2@196b6	2@101a4
lj0001_035	2@109b2	2@211a7	2@111a6
lj0001_036	2@119b5	2@225b7	2@121b1
lj0001_037	2@130b6	2@2401b2	2@132b3
lj0001_038	2@141b1	2@256b5	2@143a3
lj0001_039	2@153a1	2@272a4	2@154a5
lj0001_040	2@163a7	2@285b5	2@164a5
lj0001_041	2@172b6	2@298b2	2@173a1
lj0001_042	2@182a7	2@312a5	2@182a6
lj0001_043	2@192a8	2@326a7	2@191b5
lj0001_044	2@201a1	2@339a3	2@200a4
lj0001_045	2@210b3	2@353a6	2@209b5
lj0001_046	2@221a3	2@368a7	2@220a3
lj0001_047	2@231b4	2@383b3	2@230b6
lj0001_048	2@242b1	2@398b4	2@241a7
lj0001_049	2@252b5	2@413b1	2@252a6
lj0001_050	2@264b7	2@431a8	2@265a3
lj0001_051	2@276b2	2@446a1	2@275a7
lj0001_052	2@286b4	2@460b6	2@286a6
lj0001_053	2@299a1	2@477a8	2@297b6
lj0001_054	2@309b6	2@492a4	2@308a4
lj0001_055	3@1b1	3@1b1	3@1b1
lj0001_056	3@11a3	3@16a3	3@11b7
lj0001_057	3@21a2	3@29a6	3@21b2
lj0001_058	3@31b5	3@44a4	3@31b1
lj0001_059	3@41a6	3@57b1	3@40a4
lj0001_060	3@51a7	3@71a4	3@49a7
lj0001_061	3@62a4	3@85b8	3@58b7
lj0001_062	3@72b3	3@100a7	3@68a7
lj0001_063	3@84a8	3@117a1	3@79a5
lj0001_064	3@95b2	3@132b1	3@89b3
lj0001_065	3@103b3	3@145a2	3@98a3
lj0001_066	3@112b4	3@158b3	3@107a7
lj0001_067	3@121b5	3@172a2	3@116a5
lj0001_068	3@131a1	3@184a1	3@124a7
lj0001_069	3@143a4	3@199b3	3@134b3
lj0001_070	3@154b2	3@214a2	3@143b7
lj0001_071	3@167b7	3@230b4	3@154b4
lj0001_072	3@183b1	3@250a1	3@167a4
lj0001_073	3@195a2	3@265b5	3@177a6
lj0001_074	3@205b3	3@280a3	3@187a1
lj0001_075	3@216a4	3@295a3	3@197a2
lj0001_076	3@228a2	3@312a1	3@208a7
lj0001_077	3@239a2	3@328b3	3@219a3
lj0001_078	3@251b3	3@347a2	3@231b1
lj0001_079	3@264b1	3@364a7	3@243a6
lj0001_080	3@277b3	3@381a7	3@255b1
lj0001_081	3@291a2	3@401a4	3@268b4
lj0001_082	3@302b4	3@417b6	3@280b2
lj0001_083	4@1b1	4@1b1	4@1b2
lj0001_084	4@15a5	4@19b6	4@13b7
lj0001_085	4@27b2	4@36b1	4@25b6
lj0001_086	4@39a2	4@52a6	4@36b3
lj0001_087	4@50a3	4@68a2	4@47a2
lj0001_088	4@63a1	4@84b2	4@59a1
lj0001_089	4@75b7	4@102a3	4@70b6
lj0001_090	4@89a3	4@120a7	4@83a2
lj0001_091	4@101a7	4@137b2	4@94b7
lj0001_092	4@112b3	4@153a6	4@106a6
lj0001_093	4@125a7	4@171a5	4@119a1
lj0001_094	4@137a2	4@187a5	4@130a3
lj0001_095	4@148a8	4@203a1	4@141a1
lj0001_096	4@159b1	4@217b3	4@151b2
lj0001_097	4@170b8	4@233b1	4@162b5
lj0001_098	4@182a2	4@249b5	4@174a4
lj0001_099	4@192a1	4@264b1	4@185a1
lj0001_100	4@203a4	4@280b4	4@196b4
lj0001_101	4@214b2	4@303a1	4@208b1
lj0001_102	4@225a2	4@313b6	4@219b1
lj0001_103	4@234b4	4@328b1	4@229a7
lj0001_104	4@245b1	4@344b7	4@240a6
lj0001_105	4@255b2	4@360b5	4@250a7
lj0001_106	4@265b7	4@376b5	4@261a1
lj0001_107	4@276b6	4@393a3	4@271b4
lj0001_108	4@287b7	4@409a6	4@282b1
lj0001_109	4@297b2	4@423b2	4@292b1
lj0002_001	5@1b1	5@1b1	5@1b1
lj0002_002	5@11b6	5@16a7	5@11b1
lj0003_001	5@21b4	5@30a6	5@21a1
lj0003_002	5@36a4	5@50b3	5@35b5
lj0003_003	5@49a6	5@68a5	5@48b1
lj0003_004	5@63a3	5@86b5	5@61b6
lj0003_005	5@77b1	5@106a6	5@75b5
lj0003_006	5@90b3	5@124b3	5@88b2
lj0003_007	5@103b4	5@142b1	5@101a7
lj0003_008	5@115a6	5@159a1	5@113a6
lj0003_009	5@127b5	5@177a7	5@126b6
lj0003_010	5@140b4	5@195b7	5@139b5
lj0003_011	5@154b5	5@215a6	5@153b1
lj0003_012	5@165b7	5@230b5	5@164b3
lj0003_013	5@178b4	5@248b5	5@177a7
lj0003_014	5@191a2	5@265b1	5@189b2
lj0003_015	5@203b3	5@282a7	5@201b3
lj0003_016	5@217a4	5@301a2	5@215a2
lj0003_017	5@230a1	5@318a6	5@239a1
lj0003_018	5@242b7	5@336a1	5@227a2
lj0003_019	5@256b7	5@355b1	5@252a3
lj0003_020	5@272a1	5@376a1	5@265b7
lj0003_021	5@285b5	5@394a5	5@279a4
lj0003_022	6@1b1	6@1b1	6@1b1
lj0003_023	6@16a2	6@23a1	6@16a7
lj0003_024	6@28a5	6@39b7	6@29a4
lj0003_025	6@41a7	6@58a4	6@42a4
lj0003_026	6@54a6	6@75b5	6@54b3
lj0003_027	6@66a7	6@92b4	6@66b3
lj0003_028	6@79b8	6@111b1	6@80a5
lj0003_029	6@93a1	6@129a6	6@93a3
lj0003_030	6@105b2	6@146b3	6@105b3
lj0003_031	6@119b1	6@165b5	6@119a3
lj0003_032	6@134b6	6@186b6	6@134a1
lj0003_033	6@148b8	6@207b4	6@148b1
lj0003_034	6@163a3	6@228a1	6@162b2
lj0003_035	6@177b8	6@248b5	6@176b6
lj0003_036	6@194a5	6@272a7	6@193b6
lj0003_037	6@208b2	6@293a2	6@208b6
lj0003_038	6@221b1	6@311a5	6@222b3
lj0003_039	6@235a8	6@330a4	6@236a6
lj0003_040	6@246b6	6@346b2	6@248a4
lj0003_041	6@258b6	6@364b7	6@261a6
lj0003_042	6@271a8	6@383b7	6@274b2
lj0003_043	7@1b1	7@1b1	7@1b1
lj0003_044	7@16a1	7@23b6	7@16a7
lj0003_045	7@31b5	7@48a1	7@32a1
lj0003_046	7@46b8	7@69b2	7@46b5
lj0003_047	7@63b3	7@93a5	7@63b3
lj0003_048	7@79a8	7@115b7	7@79b3
lj0003_049	7@93a5	7@136b1	7@93a4
lj0003_050	7@108a8	7@158b1	7@108a2
lj0003_051	7@122b2	7@179a7	7@122b1
lj0003_052	7@135b8	7@199b3	7@136b1
lj0003_053	7@148b4	7@217a6	7@148a7
lj0003_054	7@162a7	7@236b3	7@161a4
lj0003_055	7@174b7	7@254b1	7@173a2
lj0003_056	7@190a3	7@275a4	7@187a4
lj0003_057	7@205a4	7@297a5	7@201a4
lj0003_058	7@220a1	7@317b3	7@214a3
lj0003_059	7@233b8	7@337a7	7@227b3
lj0003_060	7@250a1	7@359b6	7@242b2
lj0003_061	7@265b5	7@381b4	7@258a2
lj0003_062	7@280b6	7@401b3	7@272a6
lj0003_063	8@1b1	8@1b1	8@1b1
lj0003_064	8@15b1	8@22b4	8@15a7
lj0003_065	8@27a2	8@38a7	8@26b2
lj0003_066	8@41a5	8@59a7	8@40b7
lj0003_067	8@57a3	8@81b2	8@57a2
lj0003_068	8@72b4	8@103a6	8@73a1
lj0003_069	8@87b8	8@125a6	8@87b6
lj0003_070	8@99b7	8@143b3	8@100a3
lj0003_071	8@111b4	8@161a6	8@112a7
lj0003_072	8@123b3	8@178b3	8@125a1
lj0003_073	8@136a1	8@196b1	8@137b5
lj0003_074	8@148a4	8@214b3	8@150b4
lj0003_075	8@159a2	8@230a6	8@162a6
lj0003_076	8@169a7	8@245b1	8@173a5
lj0003_077	8@179a7	8@260a1	8@183b7
lj0003_078	8@189b8	8@274b5	8@194b6
lj0003_079	8@199a6	8@288b7	8@204a8
lj0003_080	8@210b8	8@305b6	8@216a2
lj0003_081	8@223a6	8@324b3	8@228b5
lj0003_082	8@234b3	8@341b4	8@240a4
lj0003_083	8@248b4	8@362b7	8@254a4
lj0004_001	9@1b1	9@1b2	9@1b1
lj0004_002	9@12b4	9@18b2	9@13a7
lj0005_001	9@25b1	9@35a6	9@25b1
lj0005_002	9@36a8	9@51a3	9@36b7
lj0005_003	9@46a6	9@65b3	9@47a7
lj0005_004	9@57a5	9@81b7	9@59a2
lj0005_005	9@67b1	9@97b2	9@69b6
lj0005_006	9@79a7	9@115a6	9@82a5
lj0005_007	9@91a2	9@132a7	9@95a2
lj0005_008	9@102a4	9@148a7	9@107a3
lj0005_009	9@113b2	9@164b4	9@119a4
lj0005_010	9@124b1	9@180b3	9@131a1
lj0005_011	9@136b6	9@198b3	9@144a4
lj0005_012	9@148b6	9@215b3	9@156b2
lj0005_013	9@159b8	9@231a5	9@168a1
lj0005_014	9@170b4	9@246a3	9@179a1
lj0005_015	9@181a5	9@260a3	9@189a6
lj0005_016	9@192a2	9@277a7	9@201b3
lj0005_017	9@203b1	9@292b2	9@212a4
lj0005_018	9@212b8	9@306a5	9@221b5
lj0005_019	9@222a5	9@319b6	9@231a4
lj0005_020	9@231a1	9@332b7	9@240a4
lj0005_021	9@241b2	9@348a2	9@251a3
lj0005_022	9@250b7	9@361a7	9@261a1
lj0005_023	9@260b4	9@365b4	9@271a7
lj0005_024	9@270a8	9@389b5	9@280a5
lj0005_025	9@280b1	9@403b5	9@289b3
lj0005_026	9@290b3	9@417b5	9@299a2
lj0005_027	9@301a3	9@432a2	9@309a2
lj0005_028	9@311a7	9@446a5	9@318a7
lj0006_001	10@1b2	10@1b1	10@1b1
lj0006_002	10@14a5	10@19b5	10@13a7
lj0006_003	10@28a7	10@38a7	10@27a5
lj0006_004	10@44b5	10@60b5	10@41b3
lj0006_005	10@55b8	10@76a6	10@51b2
lj0006_006	10@68b6	10@94b2	10@63a2
lj0006_007	10@81a6	10@112a7	10@74a5
lj0006_008	10@93b8	10@130a7	10@85b3
lj0006_009	10@106b1	10@148b7	10@97a3
lj0006_010	10@118a7	10@166b1	10@108a3
lj0006_011	10@132b3	10@187a7	10@121a3
lj0006_012	10@145a5	10@207a5	10@133a5
lj0006_013	10@157b7	10@225b6	10@144b7
lj0006_014	10@170a3	10@242a6	10@156b6
lj0006_015	10@181b7	10@257b4	10@168a2
lj0006_016	10@194a1	10@273a6	10@178b4
lj0006_017	10@207b1	10@292b2	10@192a2
lj0006_018	10@220a2	10@310a6	10@205a3
lj0006_019	10@233a4	10@328b3	10@217b6
lj0006_020	10@244b8	10@345a4	10@229a1
lj0006_021	10@258a1	10@363a7	10@237a5
lj0006_022	10@269a1	10@379b6	10@252a1
lj0006_023	10@279a8	10@394a7	10@261b7
lj0006_024	10@291b1	10@410b5	10@273a3
lj0006_025	10@300a8	10@423a4	10@281a2
lj0006_026	10@309b3	10@435b7	10@289b3
lj0006_027	10@319b1	10@449b5	10@299a6
lj0006_028	11@1b1	11@1b1	11@1b1
lj0006_029	11@12b6	11@19b4	11@13a4
lj0006_030	11@22b7	11@36a1	11@24a6
lj0006_031	11@34b4	11@54a7	11@37a2
lj0006_032	11@47b3	11@74a8	11@50b2
lj0006_033	11@57b5	11@89b6	11@60b7
lj0006_034	11@67b2	11@104b1	11@70a7
lj0006_035	11@85b7	11@131b2	11@88a1
lj0006_036	11@98a7	11@149b6	11@99b2
lj0006_037	11@111a1	11@170a4	11@112b1
lj0006_038	11@120a6	11@185a2	11@122a4
lj0006_039	11@132b4	11@204a6	11@134b1
lj0006_040	11@142b1	11@218b6	11@144a2
lj0006_041	11@149a7	11@229b7	11@151a2
lj0006_042	11@157b6	11@242b3	11@159a3
lj0006_043	11@169b4	11@259b7	11@170a6
lj0006_044	11@181b8	11@279a2	11@182b3
lj0006_045	11@191a3	11@293b4	11@192a6
lj0006_046	11@200a6	11@307b5	11@202a1
lj0006_047	11@208a3	11@319b5	11@209b4
lj0006_048	11@217a2	11@333a3	11@218a7
lj0006_049	11@226a7	11@346b4	11@227a6
lj0006_050	11@236b8	11@362a3	11@237b6
lj0006_051	11@246a4	11@376b1	11@247b2
lj0006_052	11@256a6	11@392a6	11@258a2
lj0006_053	11@266b3	11@408a6	11@268b4
lj0006_054	11@274b8	11@421a3	11@277a1
lj0006_055	11@283b7	11@435b2	11@285b5
lj0006_056	11@293a5	11@450a5	11@294b7
lj0006_057	11@302b6	11@465a2	11@304b6
lj0006_058	11@313a2	11@480b3	11@315a7
lj0006_059	11@323b7	11@496b6	11@325b2
lj0007_001	12@1b1	12@1b1	12@1b1
lj0007_002	12@11b6	12@17a4	12@11b1
lj0007_003	12@20b7	12@30a4	12@20a1
lj0007_004	12@28b3	12@43b1	12@28a7
lj0007_005	12@38b2	12@57a1	12@37b1
lj0007_006	12@47b3	12@70b2	12@46a7
lj0007_007	12@55b1	12@82a7	12@54a4
lj0007_008	12@62b4	12@92b7	12@61a8
lj0007_009	12@69b5	12@103b3	12@68b3
lj0007_010	12@77a6	12@115a2	12@76a4
lj0007_011	12@84a4	12@125a6	12@83a3
lj0007_012	12@92b1	12@137a5	12@91a3
lj0008_001	12@94a1	12@139a6	12@92b2
lj0008_002	12@106a5	12@156b6	12@104b5
lj0008_003	12@115a6	12@171a1	12@113b8
lj0008_004	12@128b2	12@191a7	12@128a2
lj0008_005	12@138b4	12@207a7	12@138a6
lj0008_006	12@149a2	12@223b1	12@149a6
lj0008_007	12@159b5	12@240a3	12@160b5
lj0008_008	12@167b8	12@252a4	12@168b3
lj0008_009	12@175a6	12@262b7	12@175b7
lj0008_010	12@182a6	12@273a6	12@183a7
lj0008_011	12@190b6	12@286a6	12@192a2
lj0008_012	12@200a3	12@300b1	12@201a8
lj0008_013	12@209b6	12@315a5	12@211b5
lj0008_014	12@218b3	12@328b6	12@221a5
lj0008_015	12@227a8	12@343a1	12@230a8
lj0008_016	12@236a5	12@356a4	12@239a4
lj0008_017	12@245b7	12@369b4	12@248b7
lj0008_018	12@255a1	12@383b1	12@258a7
lj0008_019	12@264a5	12@398a3	12@268a3
lj0008_020	12@271b1	12@409a5	12@275b6
lj0008_021	12@279a4	12@420b3	12@283a8
lj0008_022	12@287b5	12@433a7	12@292a5
lj0008_030	13@66b1	13@97b6	13@66b8
lj0008_031	13@73b6	13@109b1	13@74b3
lj0008_032	13@83a7	13@123b3	13@84b4
lj0008_033	13@92b5	13@137a3	13@94a4
lj0008_034	13@101a3	13@149a4	13@102b5
lj0008_035	13@110a7	13@162a2	13@112a5
lj0008_036	13@121a5	13@177a2	13@123a5
lj0008_037	13@132b4	13@192b7	13@134a2
lj0008_038	13@143a8	13@208b4	13@144a8
lj0008_039	13@153b6	13@224b2	13@154b7
lj0008_040	13@164a3	13@240a1	13@165a3
lj0008_041	13@175a1	13@254b6	13@175a8
lj0008_042	13@183b2	13@267a5	13@183b6
lj0008_043	13@193b5	13@280b7	13@193a8
lj0008_044	13@203a3	13@292b7	13@201b8
lj0008_045	13@213a7	13@306a5	13@211b3
lj0008_046	13@224a4	13@320b4	13@221b6
lj0008_047	13@235b8	13@335b5	13@232a8
lj0008_048	13@247b3	13@351b7	13@243a8
lj0008_049	13@259b8	13@369b4	13@255a3
lj0008_050	13@272b5	13@388a3	13@267a5
lj0008_051	13@284a2	13@404a7	13@277b8
lj0008_052	13@298a2	13@424b3	13@291b2
lj0008_053	13@309b1	13@440b4	13@302a8
lj0009_001	14@2a3	14@1b4	14@1b1
lj0009_002	14@19a3	14@25b5	14@19a5
lj0009_003	14@35a5	14@48b7	14@35a5
lj0009_004	14@54b8	14@77a2	14@56b5
lj0009_005	14@70a2	14@98b6	14@72a6
lj0009_006	14@84b8	14@118b5	14@87a7
lj0009_007	14@103a7	14@142a6	14@104a4
lj0009_008	14@115b3	14@160b3	14@116b5
lj0009_009	14@131b3	14@182b5	14@132a6
lj0009_010	14@149a1	14@204b6	14@148a4
lj0009_011	14@166b1	14@226a5	14@163a7
lj0009_012	14@182a4	14@247b3	14@179b4
lj0009_013	14@202b3	14@273a4	14@198b2
lj0009_014	14@217b4	14@292b4	14@212b3
lj0009_015	14@231a2	14@311a3	14@225b6
lj0009_016	14@244b3	14@330a5	14@239a5
lj0009_017	14@261a8	14@350b6	14@254a5
lj0009_018	15@1b1	14@373b2	14@270a4
lj0009_019	15@17a4	14@395b3	14@286b1
lj0009_020	15@39a7	14@430a7	14@310b5
lj0009_021	15@61b7	14@460b3	14@332b7
lj0009_022	15@75a5	14@479b3	14@346b5
lj0009_023	15@92a8	14@503b7	14@363b6
lj0009_024	15@106b7	14@523a2	14@378b4
lj0009_025	15@122a2	15@1b1	15@1b1
lj0009_026	15@139b4	15@24b2	15@18b4
lj0009_027	15@155b7	15@45a5	15@34a6
lj0009_028	15@170a3	15@65a4	15@49a5
lj0009_029	15@183a4	15@82b1	15@62b1
lj0009_030	15@195a6	15@99a2	15@74b1
lj0009_031	15@208a6	15@116a5	15@87a2
lj0009_032	15@223b4	15@135b7	15@101a8
lj0009_033	15@235b3	15@152a2	15@113b3
lj0009_034	15@245a3	15@165a1	15@123b1
lj0009_035	15@258a7	15@182a5	15@137b1
lj0009_036	16@1b1	15@204a1	15@154a1
lj0009_037	16@13a6	15@220b3	15@165b7
lj0009_038	16@27a5	15@241a7	15@181a3
lj0009_039	16@43a2	15@265b1	15@198b3
lj0009_040	16@59a5	15@288b3	15@215b7
lj0009_041	16@75a2	15@309b5	15@231b7
lj0009_042	16@90a1	15@329a3	15@246b5
lj0009_043	16@105a6	15@350b4	15@262b3
lj0009_044	16@118a2	15@369a3	15@275b5
lj0009_045	16@129b6	15@391a7	15@292a4
lj0009_046	16@149b2	15@418a2	15@312a4
lj0009_047	16@165b1	15@439a7	15@328b2
lj0009_048	16@181a8	15@460b3	15@344a7
lj0009_049	16@195a8	15@479a5	15@358b3
lj0009_050	16@208b5	15@497a5	15@371b5
lj0009_051	16@222b3	15@515a2	15@386a1
lj0009_052	16@238b4	16@1b1	16@1b1
lj0009_053	16@252b8	16@22a2	16@15b2
lj0009_054	16@265b4	16@39b5	16@28a3
lj0009_055	17@1b1	16@60a4	16@41b2
lj0009_056	17@15a7	16@79b7	16@55b2
lj0009_057	17@29a1	16@98b2	16@69b7
lj0009_058	17@41b4	16@116a5	16@82b2
lj0009_059	17@59a2	16@139b7	16@99b1
lj0009_060	17@78a3	16@166b2	16@119a6
lj0009_061	17@97b3	16@193a7	16@139a5
lj0009_062	17@109b1	16@210b6	16@151b2
lj0009_063	17@122a1	16@229a4	16@164b4
lj0009_064	17@135a1	16@252a6	16@180b7
lj0009_065	17@150b5	16@273a4	16@196a5
lj0009_066	17@164a2	16@292a5	16@210a3
lj0009_067	17@176b8	16@309b7	16@223a1
lj0009_068	17@190a5	16@326b1	16@234b7
lj0009_069	17@205a1	16@346a4	16@249b1
lj0009_070	17@218a6	16@366a1	16@264b4
lj0009_071	17@231a5	16@387b1	16@280b6
lj0009_072	17@246b8	16@410b4	16@298a1
lj0009_073	17@264a4	16@434b5	16@316a7
lj0009_074	18@1b1	16@456a5	16@331a4
lj0009_075	18@15b8	16@475b4	16@346a4
lj0009_076	18@32b4	16@497b7	16@364a1
lj0009_077	18@49a8	16@519a2	16@380b6
lj0009_078	18@62b2	16@536a2	17@1b1
lj0009_079	18@84b1	17@1b1	17@24b1
lj0009_080	18@100a8	17@22b3	17@39a1
lj0009_081	18@119a2	17@51a2	17@59a7
lj0009_082	18@138b6	17@76a5	17@76b7
lj0009_083	18@157a6	17@101a3	17@93b5
lj0009_084	18@177a5	17@125b1	17@110b1
lj0009_085	18@194b4	17@147b7	17@125a6
lj0009_086	18@211b8	17@171b4	17@141a6
lj0009_087	18@229b8	17@194b4	17@156b6
lj0009_088	18@244b7	17@214b4	17@169b4
lj0009_089	18@266a5	17@242a5	17@188b1
lj0009_090	18@281a1	17@259b5	17@200b3
lj0009_091	18@297b1	17@279a6	17@214a2
lj0009_092	19@1b1	17@299a5	17@228a1
lj0009_093	19@14b7	17@315b5	17@240a3
lj0009_094	19@30a1	17@335a6	17@254b1
lj0009_095	19@44a7	17@354a6	17@268b3
lj0009_096	19@60a1	17@373a5	17@282b7
lj0009_097	19@73b3	17@390b7	17@295b1
lj0009_098	19@85b6	17@411b2	17@309b2
lj0009_099	19@102b3	17@432a3	17@325a3
lj0009_100	19@116a6	17@447b4	17@337b6
lj0009_101	19@132a6	17@467b5	17@352b3
lj0009_102	19@143b7	17@482b1	17@363a6
lj0009_103	19@162b7	18@1b1	18@1a1
lj0009_104	19@179b5	18@24b6	18@18a2
lj0009_105	19@193b4	18@43a5	18@31a3
lj0009_106	19@206a3	18@60a4	18@43a6
lj0009_107	19@217b7	18@76b2	18@55a1
lj0009_108	19@233a3	18@96b1	18@69a7
lj0009_109	19@249b4	18@117b4	18@84a1
lj0009_110	19@265b2	18@137b6	18@98a5
lj0009_111	19@282a2	18@159a5	18@113b2
lj0009_112	20@1b1	18@180b3	18@129a2
lj0009_113	20@16a8	18@199a5	18@143a5
lj0009_114	20@26b8	18@213a4	18@153a1
lj0009_115	20@42a3	18@232b2	18@167a6
lj0009_116	20@58a2	18@253a3	18@182a5
lj0009_117	20@69a1	18@271a6	18@193b2
lj0009_118	20@82b8	18@310a2	18@225a7
lj0009_119	20@96b8	18@327a6	18@238b5
lj0009_120	20@112a5	18@345b2	18@253a3
lj0009_121	20@125a3	18@362b6	18@266b3
lj0009_122	20@140b6	18@383b2	18@282b2
lj0009_123	20@155a6	18@402a6	18@297a2
lj0009_124	20@173a2	18@423b7	18@313a7
lj0009_125	20@187b5	18@444a3	18@328b1
lj0009_126	20@203b5	18@465a1	18@344a5
lj0009_127	20@220b4	18@488b3	18@363a2
lj0009_128	20@238a7	18@509b5	18@380b4
lj0009_129	20@251b6	18@527a4	19@1b1
lj0009_130	20@264b4	19@1b1	19@15b6
lj0009_132	21@1b1	19@46b7	19@46a3
lj0009_133	21@18b5	19@70b4	19@61b7
lj0009_134	21@33a2	19@89b5	19@74b3
lj0009_135	21@47b4	19@109b1	19@87b7
lj0009_136	21@63a1	19@130a2	19@101b5
lj0009_137	21@79b2	19@152b2	19@117a7
lj0009_138	21@94a1	19@172b7	19@131a6
lj0009_139	21@109a2	19@194a5	19@145b5
lj0009_140	21@122a7	19@211b5	19@158a3
lj0009_141	21@135b6	19@229b5	19@170a6
lj0009_142	21@150a4	19@248a2	19@182a7
lj0009_143	21@165a3	19@268a4	19@195b6
lj0009_144	21@180a5	19@287b7	19@209a1
lj0009_145	21@195b5	19@308a3	19@222a3
lj0009_146	21@209b3	19@326a7	19@234b4
lj0009_147	21@228b6	19@351a7	19@252a5
lj0009_148	21@246a1	19@375a3	19@268b6
lj0009_149	21@261b3	19@397a1	19@284a3
lj0009_150	21@277a3	19@418a7	19@299b6
lj0009_151	22@1b1	19@441a5	19@316a2
lj0009_152	22@25a6	19@473b6	19@338a3
lj0009_153	22@44a8	19@499b7	19@356b3
lj0009_154	22@70a1	20@1b1	20@1b1
lj0009_155	22@94b6	20@36a7	20@24a7
lj0009_156	22@118b6	20@69a3	20@46a7
lj0009_157	22@140b6	20@100b2	20@67a1
lj0009_158	22@157a2	20@121b7	20@82b2
lj0009_159	22@174b7	20@143b4	20@98a4
lj0009_160	22@193b1	20@168a4	20@116b1
lj0009_161	22@212a4	20@192b5	20@134a6
lj0009_162	22@232a5	20@217a3	20@152b3
lj0009_163	22@251a6	20@241b4	20@171a4
lj0009_164	22@269b7	20@266b3	20@189b1
lj0009_165	22@288b4	20@291b6	20@208a7
lj0009_166	22@307a5	20@316b6	20@226b4
lj0009_167	23@1b1	20@342b1	20@246a5
lj0009_168	23@20a2	20@366b6	20@265a3
lj0009_169	23@34a5	20@386a4	20@280a6
lj0009_170	23@50b6	20@407b7	20@297b4
lj0009_171	23@66a4	20@428b1	20@314a1
lj0009_172	23@82a1	20@449b6	20@330b5
lj0009_173	23@98b4	20@472a2	20@348a1
lj0009_174	23@115a5	20@493b4	20@365a3
lj0009_175	23@130b6	20@514b7	20@382a4
lj0009_176	23@147a4	21@1b1	21@1b1
lj0009_177	23@163a5	21@23b6	21@17b1
lj0009_178	23@176b5	21@40b6	21@29b3
lj0009_179	23@190a6	21@58a6	21@42a2
lj0009_180	23@206a2	21@79b3	21@57b5
lj0009_181	23@218a7	21@95b3	21@69b1
lj0009_182	23@235b8	21@118a3	21@85b3
lj0009_183	23@248b3	21@134b2	21@97a7
lj0009_184	23@262b5	21@151b1	21@109b4
lj0009_185	23@276b1	21@168a7	21@121b4
lj0009_186	24@1b1	21@188b1	21@136a3
lj0009_187	24@18a7	21@210a4	21@151b5
lj0009_188	24@35b1	21@232a1	21@166b4
lj0009_189	24@52a4	21@252a3	21@181a3
lj0009_190	24@63b1	21@267a4	21@192a2
lj0009_191	24@77b7	21@285a2	21@205a5
lj0009_192	24@94a18	21@305a2	21@220b1
lj0009_193	24@115a1	21@331b3	21@241b5
lj0009_194	24@134a7	21@366b3	21@268b1
lj0009_195	24@150b5	21@395b2	21@291b4
lj0009_196	24@165b4	21@415b7	21@307a6
lj0009_197	24@180a4	21@435a3	21@321a8
lj0009_198	24@197b5	21@458b3	21@338a6
lj0009_199	24@212a7	21@477b7	21@353a5
lj0009_200	24@225a2	21@494b4	21@366a4
lj0009_201	24@242a4	21@516b7	21@383a4
lj0009_202	24@258b5	21@537b4	22@1b1
lj0009_203	24@277a7	22@1b1	22@20b2
lj0009_204	24@291a2	22@21a2	22@34a1
lj0009_205	25@1b1	22@41a1	22@49a6
lj0009_206	25@20a3	22@62a5	22@65a6
lj0009_207	25@33b1	22@78b1	22@77b4
lj0009_208	25@53a1	22@101b5	22@95b7
lj0009_209	25@69a7	22@122b1	22@111b7
lj0009_210	25@84b1	22@141a7	22@126a3
lj0009_211	25@99b2	22@160b6	22@140b3
lj0009_212	25@117b4	22@184a3	22@158b1
lj0009_213	25@133b3	22@204b6	22@174a2
lj0009_214	25@150a8	22@227b7	22@190b2
lj0009_215	25@167a5	22@248b4	22@206a7
lj0009_216	25@182a1	22@267a6	22@220b2
lj0009_217	25@194b4	22@284a7	22@233b3
lj0009_218	25@208a3	22@302b2	22@246b7
lj0009_219	25@222b7	22@322a1	22@262a2
lj0009_220	25@237a6	22@339a3	22@275b4
lj0009_221	25@253a5	22@358a6	22@291a2
lj0009_222	25@267a4	22@376a3	22@304b7
lj0009_223	25@282a6	22@395a5	22@320a3
lj0009_224	25@298b8	22@419b7	22@339b1
lj0009_225	26@1b1	22@442a6	22@356b2
lj0009_226	26@16b3	22@460b6	22@370a4
lj0009_227	26@31b5	22@481a1	23@1b1
lj0009_228	26@47b6	22@502b6	23@17a4
lj0009_229	26@62a1	23@1b1	23@30b6
lj0009_230	26@76b2	23@21a6	23@44a3
lj0009_231	26@96a5	23@46a5	23@61b4
lj0009_232	26@112a1	23@65b3	23@75b3
lj0009_233	26@124b4	23@82a2	23@87a4
lj0009_234	26@141a4	23@102a4	23@102a2
lj0009_235	26@159a1	23@123a5	23@117a7
lj0009_236	26@175b8	23@143a7	23@132b1
lj0009_237	26@189a3	23@158b7	23@144a6
lj0009_238	26@205b1	23@180a3	23@160b5
lj0009_239	26@226b8	23@208a4	23@181b6
lj0009_240	26@243a2	23@228a1	23@196a7
lj0009_241	26@260a5	23@248b6	23@212a5
lj0009_242	26@272a8	23@264a1	23@223a7
lj0009_243	26@284b8	23@278b5	23@234b2
lj0009_244	26@300a8	23@298b2	23@249a6
lj0009_245	27@1b1	23@317a2	23@263a5
lj0009_246	27@20b5	23@341a6	23@281a3
lj0009_247	27@35b2	23@361a1	23@295b3
lj0009_248	27@51a6	23@382a6	23@311b7
lj0009_249	27@65b8	23@403a7	23@327b5
lj0009_250	27@77b7	23@421b6	23@341a6
lj0009_251	27@89a8	23@438a4	23@353b4
lj0009_252	27@106a1	23@461b3	23@371b7
lj0009_253	27@121a7	23@482a7	24@1b1
lj0009_254	27@137a5	23@505a1	24@17b5
lj0009_255	27@153a6	24@1b1	24@33a5
lj0009_256	27@167b1	24@23a6	24@47b6
lj0009_257	27@184a2	24@44b4	24@63a2
lj0009_258	27@198a6	24@62a4	24@76a3
lj0009_259	27@214b5	24@81b1	24@90a3
lj0009_260	27@232b1	24@104a5	24@107a2
lj0009_261	27@255b3	24@133b2	24@128b2
lj0009_262	27@270b2	24@156b2	24@146a1
lj0009_263	27@289a2	24@183a3	24@165b6
lj0009_264	28@1b1	24@206a3	24@183a2
lj0009_265	28@20b1	24@229b7	24@200b4
lj0009_266	28@41b1	24@256b7	24@221a1
lj0009_267	28@62b5	24@285a3	24@241b4
lj0009_268	28@75a3	24@302b2	24@255a1
lj0009_269	28@96b8	24@333b1	24@279a4
lj0009_270	28@118b4	24@364b3	24@303b3
lj0009_271	28@138b2	24@391a6	24@325b5
lj0009_272	28@156b1	24@416a3	24@345a4
lj0009_273	28@171b4	24@436a2	24@361a7
lj0009_274	28@187a6	24@457b2	24@377b3
lj0009_275	28@203b3	24@480b3	24@396a2
lj0009_276	28@218a4	24@501a2	25@1b1
lj0009_277	28@235a5	24@524b5	25@18b1
lj0009_278	28@246a1	25@1b1	25@29a6
lj0009_279	28@255b4	25@15b6	25@38b6
lj0009_280	28@273a3	25@38a5	25@55a5
lj0009_281	28@290a4	25@60a2	25@71a7
lj0009_282	29@1b1	25@83a1	25@88b3
lj0009_283	29@18a1	25@102b7	25@103a7
lj0009_284	29@40b1	25@129a7	25@123a7
lj0009_285	29@62b5	25@155a4	25@142b6
lj0009_286	29@83b6	25@181b6	25@162a7
lj0009_287	29@101b8	25@205b1	25@180a2
lj0009_288	29@124a1	25@233b1	25@201a1
lj0009_289	29@139b8	25@253b2	25@217a5
lj0009_290	29@153a8	25@270a6	25@230b5
lj0009_291	29@166a5	25@286b4	25@244a1
lj0009_292	29@178a2	25@301b4	25@256a2
lj0009_293	29@190b3	25@318a7	25@269a6
lj0009_294	29@203a3	25@334b3	25@282b2
lj0009_295	29@216a7	25@351b1	25@296b1
lj0009_296	29@232b3	25@372b1	25@312b2
lj0009_297	29@247b4	25@391b2	25@327b2
lj0009_298	29@266b2	25@415a6	25@347a3
lj0009_299	29@280a3	25@432b6	25@362a1
lj0009_300	29@296a2	25@453b4	25@379b5
lj0010_001	30@1b2	26@1b4	26@1b1
lj0010_002	30@15b5	26@23a4	26@16b1
lj0010_003	30@29b2	26@43a3	26@31a1
lj0010_004	30@44b6	26@64b2	26@46b6
lj0010_005	30@59b4	26@85a1	26@62a3
lj0010_006	30@74a6	26@104b2	26@76b4
lj0010_007	30@89a2	26@125a5	26@91b6
lj0010_008	30@105a7	26@148b1	26@108b5
lj0010_009	30@119b3	26@168b2	26@123b4
lj0010_010	30@132b8	26@187a1	26@137a7
lj0010_011	30@147a3	26@205b7	26@151b2
lj0010_012	30@162a6	26@227a3	26@165b6
lj0010_013	30@177a4	26@248a3	26@180a3
lj0010_014	30@193b6	26@270b3	26@195a3
lj0010_015	30@210a4	26@293b1	26@210a6
lj0010_016	30@223b8	26@313a1	26@223b2
lj0010_017	30@237a4	26@332b5	26@236b6
lj0010_018	30@251b1	26@353a3	26@251a4
lj0010_019	30@267a2	26@375a5	26@266b6
lj0010_020	30@280b5	26@394b1	26@280a2
lj0010_021	31@1b1	26@413a7	26@293b1
lj0010_022	31@17a8	26@435b1	26@308a7
lj0010_023	31@32b8	26@457b1	26@323b4
lj0010_024	31@47b7	26@477b2	26@337b7
lj0010_025	31@61b7	26@497a5	26@352a6
lj0010_026	31@77a8	26@518b3	26@367b6
lj0010_027	31@92a1	26@537b5	27@1b1
lj0010_028	31@105a8	27@1b2	27@15b1
lj0010_029	31@119b8	27@20b6	27@28b5
lj0010_030	31@137a6	27@42a6	27@44a2
lj0010_031	31@157a3	27@69b7	27@62a3
lj0010_032	31@171a1	27@90a3	27@76a6
lj0010_033	31@186a6	27@112b1	27@92a7
lj0010_034	31@200a7	27@133b1	27@107a4
lj0010_035	31@215a6	27@156a1	27@124a2
lj0010_036	31@230b5	27@177b2	27@139a3
lj0010_037	31@246b2	27@199b3	27@154b3
lj0010_038	31@263a3	27@224a2	27@171a3
lj0010_039	31@280b2	27@246b5	27@186a7
lj0010_040	31@296b5	27@268a3	27@201a3
lj0010_041	32@1b1	27@289a3	27@215b1
lj0010_042	32@15b2	27@310b2	27@229b3
lj0010_043	32@30a1	27@331a3	27@243b5
lj0010_044	32@43a2	27@350b4	27@257a1
lj0010_045	32@54b7	27@368a5	27@268b4
lj0010_046	32@69a6	27@388b6	27@282b4
lj0010_047	32@81a8	27@407a4	27@295a3
lj0010_048	32@94b7	27@426a4	27@308a6
lj0010_049	32@111a2	27@449b1	27@324b5
lj0010_050	32@128a2	27@475a3	27@341b7
lj0010_051	32@146a6	27@501a7	27@359b6
lj0010_052	32@162b7	27@524b5	27@376a6
lj0010_053	32@179a5	28@1b2	28@1b1
lj0010_054	32@195b7	28@25b7	28@17b7
lj0010_055	32@216a1	28@54b2	28@37a3
lj0010_056	32@231b8	28@77b3	28@53a2
lj0010_057	32@249b4	28@101b7	28@70a6
lj0010_058	32@264b5	28@123b6	28@85b5
lj0010_059	32@280a6	28@146a2	28@101b5
lj0010_060	33@1b1	28@167b4	28@117a1
lj0010_061	33@15b6	28@187a4	28@129b7
lj0010_062	33@31b7	28@210a5	28@145a4
lj0010_063	33@46b3	28@231a5	28@159a5
lj0010_064	33@63a1	28@254a5	28@174b7
lj0010_065	33@78b3	28@275a4	28@189b6
lj0010_066	33@95b4	28@297b5	28@206a5
lj0010_067	33@111b3	28@318a2	28@221b2
lj0010_068	33@124a8	28@335a6	28@234b1
lj0010_069	33@138a2	28@353a4	28@247b3
lj0010_070	33@151a6	28@370b2	28@259b6
lj0010_071	33@165b8	28@390a4	28@274a2
lj0010_072	33@179a1	28@407b2	28@286b6
lj0010_073	33@192b6	28@426b1	28@300a4
lj0010_074	33@206a7	28@445b4	28@314b2
lj0010_075	33@220a6	28@465a6	28@329b1
lj0010_076	33@233a1	28@483b3	28@342b5
lj0010_077	33@244a2	28@499a6	28@353b1
lj0010_078	33@256b7	28@517b2	28@366a4
lj0011_001	34@1b3	30@2a1	29@1b2
lj0011_002	34@15a6	30@23b4	29@15b7
lj0011_003	34@30a4	30@44b5	29@30a7
lj0011_004	34@44a3	30@63b7	29@43a4
lj0011_005	34@57b6	30@83a3	29@56a3
lj0011_006	34@72b2	30@105a1	29@70b6
lj0011_007	34@87a3	30@126b5	29@85a1
lj0011_008	34@102a5	30@149b6	29@99b2
lj0011_009	34@117b8	30@173b5	29@114a4
lj0011_010	34@136b6	30@202a5	29@132a1
lj0011_011	34@148b6	30@219a4	29@143b1
lj0011_012	34@161a6	30@235b6	29@155a4
lj0011_013	34@175b8	30@254a7	29@168a2
lj0011_014	34@192b5	30@277b4	29@183b7
lj0011_015	34@206b4	30@297b4	29@197a7
lj0011_016	34@219a5	30@315b2	29@209b1
lj0011_017	34@234a4	30@336a7	29@223b5
lj0011_018	34@248a8	30@357b3	29@238a7
lj0011_019	34@262b7	30@378a4	29@252b1
lj0011_020	34@274b5	30@395a5	29@264a1
lj0011_021	34@286b1	30@412b5	29@275a3
lj0011_022	34@299b5	30@432b7	29@287b6
lj0011_023	35@1b1	31@1b2	30@1b1
lj0011_024	35@14b4	31@20b1	30@14a4
lj0011_025	35@28b3	31@38a5	30@26b5
lj0011_026	35@41a5	31@54b5	30@38b2
lj0011_027	35@56a1	31@74b4	30@52a4
lj0011_028	35@69b3	31@92b5	30@64b2
lj0011_029	35@82b8	31@111b5	30@76b6
lj0011_030	35@96b2	31@129b1	30@88b4
lj0011_031	35@110a8	31@149a7	30@101b5
lj0011_032	35@122a7	31@166b7	30@113a4
lj0011_033	35@137b4	31@190a2	30@128a7
lj0011_034	35@151a8	31@209b3	30@141a3
lj0011_035	35@166a4	31@230b2	30@155a2
lj0011_036	35@178a2	31@248a7	30@166b4
lj0011_037	35@194a2	31@272a4	30@182a2
lj0011_038	35@210a4	31@294a7	30@196b1
lj0011_039	35@225a3	31@317a2	30@210b7
lj0011_040	35@240a4	31@338a2	30@225a2
lj0011_041	35@255a4	31@360b2	30@239b1
lj0011_042	35@275a4	31@386b7	30@258a2
lj0011_043	35@290b3	31@407b3	30@273b1
lj0011_044	35@306a3	31@430a1	30@289b3
lj0011_045	36@1b1	32@1b1	31@1b1
lj0011_046	36@14a4	32@22a1	31@14a2
lj0011_047	36@26b5	32@40a6	31@26a3
lj0011_048	36@40b3	32@60a6	31@39a2
lj0011_049	36@54a1	32@79a7	31@51a4
lj0011_050	36@64b6	32@96a2	31@61b1
lj0011_051	36@78b6	32@116b7	31@74b2
lj0011_052	36@90b5	32@135a2	31@85b2
lj0011_053	36@105b3	32@157b2	31@99b3
lj0011_054	36@120a6	32@180b4	31@114b6
lj0011_055	36@133a3	32@200b6	31@128a4
lj0011_056	36@146b3	32@220a5	31@141a3
lj0011_057	36@158a5	32@237b1	31@152a7
lj0011_058	36@169a5	32@253b3	31@163a5
lj0011_059	36@187a6	32@280b4	31@181a7
lj0011_060	36@199a4	32@298b1	31@193b2
lj0012_001	37@1b1	32@317a6	31@207b1
lj0012_002	37@12b2	32@333b6	31@217b7
lj0012_003	37@24b2	32@351b7	31@229b3
lj0012_004	37@34b7	32@367b4	31@239b4
lj0012_005	37@46b8	32@386b6	31@251b2
lj0012_006	37@57b8	32@403a2	31@262b5
lj0012_007	37@69a1	32@419b2	31@274a1
lj0012_008	37@80a8	32@437b4	31@285a7
lj0012_009	37@93b1	33@1b1	32@1a1
lj0012_010	37@105a3	33@19b5	32@12b4
lj0012_011	37@116a2	33@37a3	32@23b4
lj0012_012	37@127a5	33@53a3	32@34a4
lj0012_013	37@139b6	33@71b4	32@46a5
lj0012_014	37@151a2	33@88b1	32@57a5
lj0012_015	37@162a7	33@104b2	32@68a2
lj0012_016	37@175a5	33@123b4	32@80a6
lj0012_017	37@186a6	33@139b6	32@90b6
lj0012_018	37@198b7	33@158a6	32@103a1
lj0012_019	37@210b8	33@176a4	32@114b2
lj0012_020	37@222b5	33@194a4	32@126b2
lj0012_021	37@232b6	33@209a7	32@136b3
lj0012_022	37@242b6	33@223b6	32@146b2
lj0012_023	37@257a2	33@244b6	32@161b3
lj0012_024	37@270a6	33@264a4	32@175a6
lj0012_025	37@282b8	33@282b2	32@187b7
lj0012_026	37@295a1	33@300a5	32@200a1
lj0012_027	37@306b4	33@318b1	32@211a4
lj0012_028	37@318b6	33@336b6	32@223a1
lj0012_029	37@330b5	33@354a3	32@235a2
lj0012_030	37@343a3	33@372b2	32@247b5
lj0012_031	37@354b1	33@389b5	32@259a1
lj0012_032	37@364b1	33@404b7	32@268b5
lj0012_033	37@375a8	33@422a1	32@280a1
lj0012_034	37@387b8	33@441b4	32@293b2
lj0013_001	38@1b2	29@1b4	33@1b1
lj0013_002	38@16b6	29@27a7	33@16a6
lj0013_003	38@28b8	29@48a3	33@28a2
lj0013_004	38@44b5	29@74b4	33@42b5
lj0013_005	38@57b8	29@96a7	33@54b3
lj0013_006	38@72a3	29@119b4	33@67a7
lj0013_007	38@84a6	29@141a2	33@78b4
lj0013_008	38@97b8	29@164a7	33@91a5
lj0013_009	38@111b4	29@189a3	33@104a4
lj0013_010	38@125a1	29@211a2	33@116a2
lj0013_011	38@138a3	29@233a3	33@128a5
lj0013_012	38@149a2	29@252a4	33@138b6
lj0013_013	38@159b3	29@270b4	33@149a3
lj0013_014	38@170b8	29@290b3	33@160a2
lj0013_015	38@181a2	29@308a2	33@169b7
lj0013_016	38@194a4	29@330a5	33@182a4
lj0013_017	38@206b5	29@350b7	33@193b3
lj0013_018	38@219a2	29@371a7	33@205a1
lj0013_019	38@231b1	29@392a2	33@216a6
lj0013_020	38@242a7	29@410b5	33@226a5
lj0013_021	38@251b5	29@427a5	33@234b7
lj0013_022	38@264b4	29@450a2	33@246b7
lj0013_023	38@279b4	29@476b6	33@261a3
lj0013_024	38@291a5	29@498b6	33@273a2
lj0014_001	39@1b1	34@189a2	34@1b1
lj0015_001	39@20b2	34@1b3	34@20a1
lj0015_002	39@33b2	34@20b7	34@32b7
lj0015_003	39@48a6	34@41b4	34@47b4
lj0015_004	39@64b7	34@65b1	34@63b6
lj0015_005	39@77b1	34@83a5	34@76a2
lj0015_006	39@91a1	34@102b7	34@89a7
lj0016_001	39@106a1	34@123b2	34@148a1
lj0016_002	39@120b5	34@145a1	34@161b5
lj0017_001	39@133b7	34@163a1	34@104a1
lj0018_001	39@152a1	34@215a4	34@121a1
lj0019_001	39@165a1	34@248b7	34@139b6
lj0020_001	39@167a7	34@252b2	34@147b3
lj0021_001	39@167b5	34@261a3	34@175b3
lj0022_001	39@169a2	34@263a3	34@176b6
lj0023_001	39@170a5	34@264b6	34@177b6
lj0024_001	39@170b6	34@265b4	34@178a6
lj0025_001	39@171a7	34@266b1	34@178b6
lj0026_001	39@172a1	34@268a1	34@180a1
lj0027_001	39@175a1	34@273b1	34@183a7
lj0028_001	39@248b7	34@388a5	34@250a5
lj0029_001	39@258b8	34@403b5	34@259b4
lj0030_001	39@262b4	34@409a6	34@263a4
lj0031_001	39@269b6	34@420a2	34@270a1
lj0032_001	39@270b5	34@421b2	34@271a1
lj0033_001	39@276b2	34@430a5	34@276a5
lj0034_001	39@279b3	34@434b7	34@279a2
lj0035_001	39@282a2	34@438b3	34@281b1
lj0036_001	39@283a2	34@440a3	34@282a6
lj0037_001	39@283b2	34@441a2	34@282b6
lj0038_001	39@284a3	34@441b7	34@283a6
lj0039_001	40@1b2	47@1b4	45@1b1
lj0039_002	40@14b2	47@23b4	45@14a6
lj0039_003	40@26b1	47@44b7	45@26a7
lj0039_004	40@38a6	47@66a5	45@38a4
lj0039_005	40@49b7	47@86a5	45@49b4
lj0039_006	40@61a4	47@105b3	45@60b4
lj0039_007	40@73a4	47@124b4	45@72a5
lj0039_008	40@86b7	47@145b7	45@84b7
lj0039_009	40@98b8	47@165a7	45@96b1
lj0039_010	40@113a2	47@187b2	45@110a3
lj0039_011	40@127a1	47@208b4	45@123a4
lj0039_012	40@142a8	47@232b1	45@137b1
lj0039_013	40@157a7	47@255b7	45@151a5
lj0039_014	40@172a1	47@279a4	45@165a2
lj0039_015	40@185b8	47@302b2	45@179a2
lj0039_016	40@199a1	47@323b3	45@191b4
lj0039_017	40@212a7	47@345b1	45@204b5
lj0039_018	40@226a6	47@368a2	45@218a7
lj0039_019	40@238b8	47@388b2	45@230a4
lj0039_020	40@252b8	47@411b2	45@243b1
lj0039_021	40@266b8	47@433b3	45@256a6
lj0039_022	40@279b7	47@454a7	45@268a2
lj0039_023	40@295a5	47@477b5	45@282a2
lj0039_024	40@310b5	47@500b7	45@296a2
lj0039_025	40@326b1	47@525a3	45@310b5
lj0039_026	40@342a2	47@550a3	45@325a6
lj0040_001	41@1b2	48@1b2	46@1b1
lj0040_002	41@14a2	48@21b2	46@13a7
lj0040_003	41@28a3	48@41b2	46@25b1
lj0040_004	41@41b7	48@60a5	46@37a2
lj0040_005	41@55a5	48@78a7	46@48a6
lj0040_006	41@69a7	48@98a1	46@60b2
lj0040_007	41@81b5	48@114b7	46@71a4
lj0040_008	41@93b2	48@132a3	46@82a1
lj0040_009	41@104b6	48@148b2	46@91b3
lj0040_010	41@117a8	48@167b3	46@102b7
lj0040_011	41@133a7	48@191b3	46@117a2
lj0040_012	41@147a6	48@212b5	46@129b5
lj0040_013	41@162a6	48@235a2	46@143a2
lj0040_014	41@177b7	48@255b7	46@156a5
lj0040_015	41@192b4	48@276b4	46@169a6
lj0040_016	41@206a4	48@294b4	46@180b1
lj0040_017	41@219b5	48@313b6	46@192b7
lj0040_018	41@231a8	48@330b2	46@203a7
lj0041_001	41@247a1	48@352a7	46@217a1
lj0041_002	41@259b4	48@370b2	46@228a4
lj0042_001	41@274a1	48@391a1	46@242a1
lj0043_001	41@291a1	48@416a2	46@258a1
lj0044_001	42@1b4	49@1b4	47@1b2
lj0044_002	42@14b1	49@22b7	47@13a1
lj0044_003	42@26a1	49@43a7	47@24a4
lj0044_004	42@37b5	49@64a3	47@35b3
lj0044_005	42@49b8	49@84b6	47@47a3
lj0044_006	42@60b6	49@103a2	47@57a2
lj0044_007	42@72a5	49@122a4	47@67b7
lj0044_008	42@83b3	49@141b1	47@78b2
lj0044_009	42@93b5	49@158b5	47@88b2
lj0044_010	42@104a2	49@177a1	47@99a4
lj0044_011	42@114a7	49@194a3	47@109b1
lj0044_012	42@125b5	49@212b5	47@120b7
lj0044_013	42@138b5	49@233b4	47@133b5
lj0044_014	42@151b5	49@255b3	47@146b4
lj0044_015	42@164a5	49@276a2	47@158b1
lj0044_016	42@175b3	49@295a5	47@169b3
lj0044_017	42@187b4	49@315a2	47@181b1
lj0044_018	42@199a2	49@333b1	47@192a7
lj0044_019	42@211a7	49@354a2	47@204a2
lj0044_020	42@222a5	49@372b6	47@214b5
lj0044_021	42@233b2	49@391b4	47@225a7
lj0044_022	42@245b7	49@411a7	47@236b3
lj0044_023	42@257a7	49@430a2	47@246b6
lj0044_024	42@269a6	49@449b2	47@257a7
lj0044_025	42@281b7	49@469b4	47@268b3
lj0045_001	42@290b1	49@483a5	47@276a1
lj0045_002	42@302a3	49@501a3	47@286a7
lj0045_003	42@312b2	49@517a7	47@295b4
lj0046_001	43@1b2	50@1b2	48@1b2
lj0046_002	43@16a6	50@23b5	48@16a3
lj0046_003	43@31a3	50@45a4	48@30b3
lj0046_004	43@46a1	50@64a2	48@43b3
lj0046_005	43@60b3	50@83b5	48@57a5
lj0046_006	43@74a5	50@103a1	48@70a2
lj0046_007	43@87a7	50@123a2	48@82b1
lj0046_008	43@99b3	50@141a7	48@93b3
lj0046_009	43@113b8	50@162a7	48@106b4
lj0046_010	43@126b2	50@183b3	48@119b6
lj0046_011	43@138b8	50@204a3	48@132b6
lj0046_012	43@153a7	50@224b7	48@145b5
lj0046_013	43@166b6	50@246a6	48@159a5
lj0046_014	43@180b2	50@266a5	48@173a1
lj0046_015	43@194b5	50@286b6	48@185b2
lj0046_016	43@207b4	50@305b7	48@197b2
lj0046_017	43@220a5	50@324b6	48@209b4
lj0046_018	43@232a4	50@341b7	48@220a6
lj0047_001	43@240a1	50@353b2	48@227a1
lj0047_002	43@254a5	50@374b5	48@239b7
lj0047_003	43@267a1	50@393a3	48@251b7
lj0047_004	43@278a6	50@409b1	48@262b3
lj0048_001	43@290a1	50@426a3	48@274b1
lj0049_001	43@301a1	50@442b2	48@284b4
lj0050_001	44@1b1	51@1b2	49@1b1
lj0050_002	44@20a1	51@30a1	49@19a6
lj0050_003	44@40a1	51@85b5	49@37b6
lj0051_001	44@60a1	51@88a1	49@56a1
lj0051_002	44@74b1	51@108b3	49@69a5
lj0051_003	44@89a8	51@130b3	49@82b6
lj0051_004	44@105b7	51@155a1	49@97b3
lj0051_005	44@121a1	51@177a6	49@111a4
lj0051_006	44@138b7	51@204a7	49@127b4
lj0051_007	44@156a8	51@231a7	49@144a6
lj0051_008	44@171b5	51@254b4	49@159a1
lj0051_009	44@186b8	51@277a4	49@173a1
lj0052_001	44@207b2	51@307a5	49@192a1
lj0052_002	44@220a7	51@326a7	49@204a5
lj0052_003	44@233b2	51@346a3	49@216a5
lj0052_004	44@245b6	51@364b2	49@227a1
lj0052_005	44@260a2	51@386b5	49@240a1
lj0052_006	44@270b7	51@404a4	49@250b7
lj0052_007	44@281a1	51@420a2	49@260b6
lj0052_008	44@293a5	51@439b7	49@272a5
lj0053_001	44@306b2	51@462a2	49@285a1
lj0054_001	45@1b2	52@1b2	50@1b1
lj0054_002	45@22a1	52@30b5	50@20a3
lj0054_003	45@35a8	52@50b3	50@32b4
lj0054_004	45@49b5	52@70b2	50@46a1
lj0055_001	45@61a2	52@86a3	50@56a1
lj0055_002	45@71b2	52@102b1	50@66a1
lj0055_003	45@84a1	52@121a3	50@77b2
lj0055_004	45@97b1	52@141b4	50@89a5
lj0055_005	45@112a1	52@164a5	50@102a7
lj0055_006	45@126a2	52@186b1	50@115b5
lj0056_001	45@141a2	52@209b6	50@129a1
lj0056_002	45@151a7	52@225a5	50@138b7
lj0056_003	45@162a3	52@240b5	50@149a3
lj0056_004	45@174b2	52@259a3	50@160b3
lj0056_005	45@185b3	52@275b5	50@171a2
lj0056_006	45@197b5	52@294b1	50@183a1
lj0056_007	45@209a4	52@311b7	50@194a1
lj0056_008	45@220a4	52@328b3	50@204a7
lj0056_009	45@232b3	52@347a6	50@216a7
lj0056_010	45@242b4	52@362a5	50@226a3
lj0056_011	45@254a2	52@379a1	50@236b5
lj0056_012	45@265a1	52@394b4	50@247a3
lj0056_013	45@278a4	52@415b1	50@259b7
lj0056_014	45@289a8	52@433b6	50@271a3
lj0056_015	45@303a2	52@457a1	50@285a2
lj0057_001	46@1b2	53@1b2	51@1b1
lj0057_002	46@14a1	53@20a1	51@12b4
lj0057_003	46@27b3	53@38b2	51@24b5
lj0057_004	46@44a7	53@61a2	51@39a4
lj0057_005	46@56b6	53@79a3	51@50b5
lj0057_006	46@68b7	53@96a5	51@61b6
lj0057_007	46@83b8	53@118a3	51@75a6
lj0057_008	46@98b8	53@140a5	51@88b6
lj0057_009	46@113b5	53@162b7	51@103b3
lj0057_010	46@129b8	53@186a7	51@118a1
lj0057_011	46@145b4	53@209a1	51@132a5
lj0057_012	46@161a1	53@232a2	51@146b7
lj0057_013	46@180b1	53@260a2	51@164a6
lj0058_001	46@198a3	53@285b3	51@181a1
lj0059_001	46@212b4	53@307b6	51@195b4
lj0060_001	46@217a2	53@314b3	51@200a3
lj0060_002	46@228a4	53@332a7	51@212b7
lj0060_003	46@239a5	53@349a5	51@222b3
lj0060_004	46@251b2	53@368a1	51@234a7
lj0061_001	46@265a7	53@388a6	51@248a1
lj0061_002	46@275a5	53@403a6	51@258a1
lj0061_003	46@285a7	53@419a1	51@268b1
lj0061_004	46@295b8	53@435a5	51@279a7
lj0062_001	46@308a1	53@451b4	51@290b1
lj0063_001	47@1b1	77@1b4	52@1b1
lj0063_002	47@15a1	77@21a5	52@13a5
lj0063_003	47@27a1	77@38b1	52@24b5
lj0063_004	47@40a5	77@58a4	52@38a7
lj0063_005	47@53a8	77@77b1	52@51a6
lj0063_006	47@65b7	77@95a6	52@62b2
lj0063_007	47@77b5	77@112a7	52@73a1
lj0063_008	47@91a7	77@132a1	52@85a6
lj0063_009	47@105b1	77@151b7	52@98b2
lj0063_010	47@120a8	77@172b4	52@112b4
lj0063_011	47@131b4	77@188b3	52@123b3
lj0063_012	47@145a1	77@207a7	52@136a7
lj0063_013	47@159a2	77@226b5	52@149b3
lj0063_014	47@172a1	77@245a6	52@161a6
lj0063_015	47@185a6	77@264b3	52@174a1
lj0063_016	47@196a7	77@282a2	52@185a1
lj0063_017	47@208b2	77@299b5	52@197a1
lj0063_018	47@220b8	77@316b7	52@209a2
lj0063_019	47@232b8	77@335a1	52@221a3
lj0063_020	47@245a3	77@352b5	52@232b3
lj0063_021	47@259a4	77@373b6	52@246a1
lj0063_022	47@270b4	77@391a1	52@257a7
lj0063_023	47@282a3	77@409a1	52@269a1
lj0063_024	47@292a8	77@425a2	52@279a4
lj0063_025	47@303b7	77@442b4	52@290a5
lj0063_026	47@315b8	77@459b6	52@301b1
lj0063_027	47@328a8	77@479a2	52@313b3
lj0063_028	47@343b1	77@500b3	52@326b7
lj0063_029	48@1b1	78@1b2	53@1b1
lj0063_030	48@13a7	78@20b3	53@13a1
lj0063_031	48@25a3	78@38a6	53@24a6
lj0063_032	48@36b4	78@56a7	53@35b7
lj0063_033	48@49a5	78@76a3	53@48a6
lj0063_034	48@62a2	78@95a4	53@60b5
lj0063_035	48@74b4	78@114b1	53@73a4
lj0063_036	48@86a2	78@134a7	53@86a1
lj0063_037	48@97b4	78@154b4	53@98b3
lj0063_038	48@109a8	78@174b1	53@111a2
lj0063_039	48@122a1	78@194b1	53@124a1
lj0063_040	48@135b6	78@216a6	53@138b5
lj0063_041	48@148b7	78@236b3	53@152a1
lj0063_042	48@162a7	78@257b6	53@165b6
lj0063_043	48@172b4	78@275a3	53@177a4
lj0063_044	48@183b4	78@292b6	53@189a3
lj0063_045	48@195a3	78@310b6	53@201a2
lj0063_046	48@206b2	78@328a5	53@212b4
lj0063_047	48@218a8	78@346a4	53@225a1
lj0063_048	48@229b1	78@364a2	53@236b5
lj0063_049	48@241b3	78@383a5	53@248b6
lj0063_050	48@253b2	78@403a2	53@260b4
lj0063_051	48@264a4	78@419b6	53@272a1
lj0063_052	48@274a6	78@435a7	53@281b6
lj0063_053	48@287a1	78@456a3	53@294a5
lj0063_054	48@299b8	78@476b1	53@307a1
lj0063_055	48@311a7	78@495a7	53@318a1
lj0063_056	48@323a3	78@514b1	53@329b4
lj0064_001	49@1b3	54@1b3	54@1b1
lj0064_002	49@14b3	54@21a4	54@14b7
lj0064_003	49@26b2	54@38b4	54@28a1
lj0064_004	49@40a7	54@58b7	54@43a4
lj0064_005	49@50b6	54@74a6	54@54a4
lj0064_006	49@62b2	54@91b2	54@66b1
lj0064_007	49@73a6	54@108a6	54@77b4
lj0064_008	49@84a2	54@125b1	54@88b2
lj0064_009	49@95a3	54@143a3	54@100a1
lj0064_010	49@106a6	54@160a3	54@111a4
lj0064_011	49@116b1	54@177b4	54@122b2
lj0064_012	49@127a1	54@193b3	54@133a1
lj0064_013	49@137a2	54@208a7	54@142a3
lj0065_001	49@146b8	54@222b5	54@151a4
lj0066_001	49@148b5	54@225b7	54@153a1
lj0067_001	49@149a5	54@226b5	54@153b1
lj0067_002	49@163a6	54@251b1	54@169a3
lj0067_003	49@175b2	54@272b7	54@182a6
lj0067_004	49@189a7	54@296b1	54@197a1
lj0068_001	49@204a2	54@321b6	54@212b7
lj0068_002	49@214b7	54@340b3	54@213a1
lj0068_003	49@225b7	54@358b2	54@224b4
lj0068_004	49@237a6	54@377a2	54@236a7
lj0068_005	49@247a6	54@392b7	54@248b5
lj0068_006	49@256b6	54@408b1	54@259a4
lj0068_007	49@267a1	54@425a6	54@269a6
lj0069_001	49@279a1	54@443b2	54@293a1
lj0070_001	49@279b1	54@444a3	54@293a7
lj0071_001	50@1b3	55@1b4	55@1b2
lj0071_002	50@13a8	55@20a6	55@12a7
lj0071_003	50@26b7	55@39b3	55@24a7
lj0071_004	50@38a7	55@56b4	55@34b6
lj0071_005	50@50b1	55@75a2	55@46a7
lj0071_006	50@62a8	55@93a4	55@58a1
lj0071_007	50@76b1	55@114a4	55@71b1
lj0071_008	50@89a3	55@133a6	55@83b3
lj0071_009	50@99b1	55@148b2	55@93b2
lj0071_010	50@110a7	55@164b7	55@103b7
lj0071_011	50@122b4	55@183a2	55@116a2
lj0071_012	50@133b6	55@199b2	55@126b2
lj0071_013	50@145b2	55@216b7	55@137b4
lj0071_014	50@159b1	55@237a6	55@150b7
lj0071_015	50@170a3	55@253b7	55@161b3
lj0072_001	50@180b1	55@269b4	55@171a1
lj0073_001	50@184a3	55@275b3	55@174b5
lj0073_002	50@195b4	55@295a6	55@186b5
lj0073_003	50@206a5	55@313a6	55@197b6
lj0074_001	50@218b5	55@334a5	55@210b4
lj0075_001	50@240a1	55@367a3	55@230b5
lj0075_002	50@253a4	55@385b4	55@242b5
lj0076_001	50@265a8	55@403b7	55@253b5
lj0076_002	50@278a4	55@423a4	55@265b1
lj0076_003	50@292b5	55@445b5	55@279a4
lj0076_004	50@305a4	55@465b4	55@291a6
lj0076_005	50@317a8	55@484a2	55@303a2
lj0077_001	51@1b3	56@1b3	56@1b2
lj0077_002	51@12b4	56@18a2	56@12a4
lj0077_003	51@23a2	56@32a3	56@21b1
lj0077_004	51@34b4	56@48a7	56@32a1
lj0077_005	51@45a1	56@62a7	56@41b2
lj0077_006	51@55a1	56@76a5	56@50b4
lj0077_007	51@65b6	56@91b1	56@60b4
lj0078_001	51@77a1	56@106b6	56@70b2
lj0078_002	51@89a7	56@124a7	56@81b2
lj0078_003	51@104a1	56@145a4	56@94b7
lj0078_004	51@116b4	56@164b2	56@107a5
lj0079_001	51@131a7	56@241a4	56@122a1
lj0079_002	51@144b7	56@260a3	56@134a3
lj0080_001	51@156a8	56@186a6	56@144b2
lj0080_002	51@169b1	56@204a2	56@156a1
lj0080_003	51@183a1	56@223a3	56@167b2
lj0081_001	51@196a3	56@276a5	56@179a5
lj0082_001	51@205a1	56@289b4	56@187b3
lj0082_002	51@214a2	56@304b3	56@196b4
lj0082_003	51@225a1	56@322b2	56@207b3
lj0082_004	51@234b4	56@337a7	56@217a2
lj0082_005	51@245a6	56@353b3	56@226b6
lj0082_006	51@255b3	56@370a3	56@236b5
lj0082_007	51@269a8	56@390a4	56@249b7
lj0082_008	51@279a7	56@404b1	56@259b3
lj0083_001	51@298b8	56@432a7	56@278a1
lj0084_001	51@311a7	56@450a3	56@289b4
lj0085_001	51@320b5	56@464a1	56@299a5
lj0086_001	52@1b1	57@1b2	57@1b1
lj0087_001	52@6a7	57@10b6	57@6b1
lj0088_001	52@6b5	57@11b1	57@6b6
lj0088_002	52@18b6	57@33a7	57@46a5
lj0089_001	52@33b4	57@57a3	57@82a3
lj0090_001	52@93a7	57@153b7	57@142a1
lj0090_002	52@105b8	57@173b5	57@153b6
lj0090_003	52@119a6	57@195a7	57@167b1
lj0090_004	52@136b1	57@224b7	57@185a6
lj0090_005	52@151a4	57@250b2	57@200b5
lj0090_006	52@164b1	57@274b2	57@215a3
lj0090_007	52@178a4	57@299b1	57@230a1
lj0091_001	52@189b7	57@319a6	57@243a1
lj0091_002	52@201b5	57@340a2	57@256a3
lj0091_003	52@215b3	57@362b5	57@270b3
lj0091_004	52@226b2	57@379b5	57@281b4
lj0091_005	52@238a5	57@397b2	57@292b7
lj0091_006	52@248a2	57@412b5	57@302a6
lj0091_007	52@257a2	57@427a5	57@310b2
lj0091_008	52@268b4	57@445b7	57@321b4
lj0092_001	52@277b6	57@460b7	57@330b1
lj0093_001	52@278a8	57@462a1	57@331a2
lj0094_001	52@279a3	57@463a2	57@331b5
lj0095_001	53@1b3	58@1b3	58@1b1
lj0095_002	53@15a2	58@20b3	58@13b5
lj0095_003	53@29a1	58@39a7	58@26a1
lj0095_004	53@42b1	58@57b1	58@37b4
lj0095_005	53@54b7	58@74a5	58@48a7
lj0095_006	53@66a3	58@90b2	58@58b3
lj0095_007	53@78b1	58@108a1	58@69b2
lj0095_008	53@92b1	58@127a3	58@81b5
lj0095_009	53@104b2	58@143b7	58@92a6
lj0095_010	53@118a8	58@162a7	58@104b2
lj0096_001	53@130b7	58@180a4	58@116a1
lj0096_002	53@145b5	58@200b7	58@129a7
lj0096_003	53@159a8	58@219b7	58@141b6
lj0096_004	53@173b8	58@238b6	58@154a7
lj0096_005	53@187a4	58@255b1	58@165b1
lj0096_006	53@199a8	58@273b7	58@178a2
lj0096_007	53@209a4	58@287b4	58@187b1
lj0097_001	53@222a2	58@303a2	58@198a3
lj0098_001	53@230b4	58@313b2	58@205a6
lj0099_001	53@231a6	58@314a4	58@206a1
lj0100_001	53@285a2	58@383a4	58@254a1
lj0100_002	53@298a4	58@401a3	58@265b4
lj0100_003	53@310b7	58@418a3	58@276b3
lj0100_004	53@326a8	58@439a2	58@290b2
lj0100_005	53@343a4	58@460b5	58@305a1
lj0101_001	54@1b2	59@1b2	59@1b1
lj0102_001	54@10b4	59@16a2	59@10b4
lj0103_001	54@23a5	59@35a1	59@23a1
lj0103_002	54@37b4	59@56a2	59@36a7
lj0103_003	54@51b8	59@76b3	59@49a5
lj0103_004	54@65b6	59@97b6	59@62b4
lj0103_005	54@78b5	59@117a7	59@75a1
lj0103_006	54@91b3	59@137a4	59@87a2
lj0104_001	54@106a3	59@159b1	59@101a1
lj0104_002	54@118b7	59@179a5	59@114a2
lj0104_003	54@130b8	59@199a1	59@125b7
lj0105_001	54@144a8	59@221a3	59@139b5
lj0106_001	54@148b2	59@277b4	59@144a1
lj0107_001	54@164a1	59@252b2	59@160a1
lj0108_001	54@171a6	59@264b5	59@167b2
lj0109_001	54@175a6	59@271a6	59@171b3
lj0110_001	54@178b5	59@277a6	59@175b1
lj0110_002	54@188b1	59@294a1	59@185b6
lj0110_003	54@200b1	59@312a5	59@198a1
lj0111_001	54@213b1	59@333b5	59@211a1
lj0111_002	54@225b2	59@353a1	59@222b6
lj0111_003	54@236b2	59@370b6	59@234a2
lj0111_004	54@247b1	59@389a5	59@245b2
lj0112_001	54@260a6	59@412a6	59@260a1
lj0112_002	54@272a7	59@433a6	59@272b6
lj0112_003	54@283a8	59@452a6	59@284b4
lj0112_004	54@295a8	59@473a7	59@297a2
lj0113_001	54@305a2	59@490a3	59@307b1
lj0114_001	54@307b8	59@495a5	59@310b4
lj0115_001	55@1b2	60@1b3	60@1b1
lj0116_001	55@5b3	60@8a5	60@5b1
lj0117_001	55@7b6	60@11b5	60@7b5
lj0117_002	55@26a8	60@39a5	60@25b3
lj0117_003	55@46a7	60@70a3	60@45a4
lj0117_004	55@64a6	60@97b3	60@62b6
lj0118_001	55@80b6	60@122b6	60@79a1
lj0118_002	55@94a6	60@143b4	60@92b5
lj0118_003	55@107b6	60@164b7	60@106b2
lj0118_004	55@122b4	60@185a6	60@120a1
lj0118_005	55@138a8	60@206a6	60@133b5
lj0118_006	55@154b3	60@228b2	60@148a5
lj0118_007	55@170a7	60@250b1	60@162a7
lj0119_001	55@184a8	60@270b1	60@175a1
lj0119_002	55@195a7	60@285a3	60@184a3
lj0119_003	55@211a4	60@307a7	60@197b7
lj0119_004	55@229b3	60@333a7	60@214a1
lj0119_005	55@249b3	60@361b2	60@231a3
lj0120_001	55@260a4	60@376b3	60@240a1
lj0121_001	55@261a1	60@377b6	60@240b5
lj0122_001	55@265a8	60@384a2	60@244b4
lj0122_002	55@278a4	60@402a1	60@256a1
lj0123_001	55@291a4	60@420b4	60@267a1
lj0123_002	55@302a5	60@436b2	60@276b2
lj0123_003	55@314b6	60@454b3	60@287b2
lj0124_001	56@1b3	61@1b3	61@1b1
lj0124_002	56@19a4	61@25b3	61@16a1
lj0124_003	56@37b2	61@50a2	61@31b2
lj0124_004	56@51b4	61@68b7	61@43a5
lj0124_005	56@64b1	61@86a2	61@54a2
lj0124_006	56@76b5	61@103a6	61@65a1
lj0125_001	56@90b1	61@122b7	61@77a1
lj0126_001	56@111a4	61@151a5	61@95b2
lj0127_001	56@112b3	61@153a6	61@96b6
lj0128_001	56@122b2	61@167a4	61@106a1
lj0128_002	56@137a5	61@187b5	61@119a5
lj0128_003	56@150a1	61@206a3	61@130b6
lj0129_001	56@164b2	61@226a2	61@143b4
lj0130_001	56@180b1	61@248b6	61@158a4
lj0130_002	56@192a4	61@265a5	61@168b5
lj0130_003	56@206b1	61@284b5	61@181a5
lj0131_001	56@218a1	61@300b6	61@191b1
lj0132_001	56@227a7	61@314a6	61@199b6
lj0133_001	56@229a2	61@316b6	61@201a6
lj0133_002	56@242a7	61@337a1	61@224b5
lj0134_001	56@255a1	61@356a7	61@224b5
lj0135_001	56@275a5	61@386a5	61@243b6
lj0136_001	56@277b7	61@390a6	61@246a7
lj0137_001	56@282a3	61@396b7	61@250b3
lj0138_001	56@282b6	61@397b7	61@251a6
lj0139_001	56@298b4	61@420a7	61@266b1
lj0140_001	56@304a4	61@428b1	61@271b2
lj0141_001	56@307b4	61@433b5	61@274b6
lj0141_002	56@319b3	61@451b6	61@286a1
lj0142_001	56@331a4	61@478b3	61@303a6
lj0143_001	57@1b2	62@1b3	62@1b1
lj0143_002	57@14a6	62@20a2	62@12b6
lj0143_003	57@26b8	62@36b2	62@23b4
lj0143_004	57@39b8	62@53b1	62@34b6
lj0143_005	57@56b2	62@75a4	62@49a5
lj0144_001	57@72b8	62@97a3	62@63a5
lj0145_001	57@89a4	62@119b7	62@78a4
lj0146_001	57@92b6	62@125a2	62@81b2
lj0147_001	57@104b2	62@142a3	62@92a5
lj0148_001	57@106a7	62@144b6	62@94a1
lj0149_001	57@108a3	62@147a4	62@95b7
lj0150_001	57@124a8	62@169b1	62@109a6
lj0151_001	57@127a7	62@173b4	62@111b7
lj0152_001	57@131b8	62@180a3	62@116a1
lj0153_001	57@140b1	62@192b1	62@123b1
lj0154_001	57@142a8	62@195a2	62@125a3
lj0155_001	57@144a1	62@196a7	62@126a1
lj0155_002	57@160a2	62@218a6	62@141a6
lj0155_003	57@169a8	62@231b6	62@150b3
lj0155_004	57@181b6	62@248b6	62@162a5
lj0155_005	57@193b4	62@265b1	62@173b1
lj0155_006	57@206a6	62@282b5	62@185a1
lj0154_007	57@218a3	62@299a7	62@196a3
lj0156_001	57@229b4	62@315b5	62@207a1
lj0157_001	57@233a3	62@320b4	62@210a3
lj0158_001	57@234b3	62@323a2	62@211b2
lj0158_002	57@245b7	62@340a7	62@222a7
lj0158_003	57@257a7	62@357b6	62@233a2
lj0158_004	57@269b2	62@375a3	62@244b2
lj0158_005	57@281a5	62@392a6	62@255b6
lj0159_001	57@295a7	62@413a7	62@269a1
lj0160_001	57@311b4	62@438a7	62@284a3
lj0161_001	57@327b4	62@461a1	62@297b5
lj0161_001	58@1b2	63@1b3	63@1b1
lj0161_002	58@13a6	63@19b4	63@12b1
lj0161_003	58@24b6	63@36b1	63@22b2
lj0161_004	58@37a5	63@55b1	63@33b5
lj0161_005	58@50a2	63@75a5	63@45b1
lj0161_006	58@61b8	63@93b5	63@56a5
lj0161_007	58@74a3	63@112b5	63@67a3
lj0162_001	58@87a1	63@130b4	63@78a1
lj0163_001	58@94a1	63@141a3	63@84b5
lj0163_002	58@104b8	63@156a4	63@94a4
lj0163_003	58@115a1	63@170b2	63@104a1
lj0163_004	58@124b5	63@184a5	63@112a5
lj0163_005	58@134a4	63@197a7	63@120a5
lj0164_001	58@142a2	63@208b5	63@127a1
lj0164_002	58@155b7	63@227b6	63@139a4
lj0164_003	58@169b7	63@247a5	63@151a5
lj0165_001	58@184b4	63@267a6	63@164a2
lj0166_001	58@195b1	63@282a5	63@174a1
lj0167_001	58@197a1	63@284a5	63@175a6
lj0168_001	58@199a1	63@287a2	63@177a3
lj0169_001	58@211b8	63@305b5	63@189a1
lj0169_002	58@225b2	63@326a4	63@201b7
lj0169_003	58@239a7	63@346a5	63@214b5
lj0170_001	58@252a3	63@364a4	63@226b1
lj0170_002	58@267a5	63@386a1	63@240a3
lj0170_003	58@282b5	63@409a1	63@253b6
lj0171_001	58@295b3	63@428b3	63@266a1
lj0171_002	58@307b3	63@446a5	63@276b7
lj0171_003	58@319b7	63@462b3	63@287b7
lj0172_001	59@1b1	64@1b1	64@1b1
lj0173_001	59@134b8	64@180a6	64@113a1
lj0174_001	59@257b4	64@337b7	64@215a6
lj0175_001	59@295a4	64@386a3	64@246a1
lj0176_001	59@300b1	64@392b5	64@250b2
lj0177_001	59@315a6	64@412a7	64@263a7
lj0178_001	59@342a1	64@448b3	64@287a4
lj0179_001	60@1b1	65@1b1	65@1b1
lj0180_001	60@108b1	65@154a2	65@100a1
lj0181_001	60@262a4	65@371b6	65@241b4
lj0182_001	60@330b5	65@465a1	65@302a1
lj0183_001	60@332b3	65@467b1	65@303a7
lj0184_001	61@1b2	66@1b1	66@1b1
lj0185_001	61@16a8	66@23a6	66@15b2
lj0186_001	61@30a1	66@41b7	66@27b5
lj0187_001	61@35b7	66@50a3	66@33a1
lj0188_001	61@43b6	66@64b6	66@42b5
lj0189_001	61@47b4	66@70a6	66@46b1
lj0190_001	61@61a2	66@90a3	66@59a5
lj0191_001	61@61b4	66@91a4	66@59b7
lj0192_001	61@62a6	66@92a1	66@60b1
lj0193_001	61@62b8	66@93a2	66@61a2
lj0194_001	61@72a3	66@107a1	66@69b2
lj0195_001	61@73a7	66@108b5	66@70b3
lj0196_001	61@73b6	66@109b1	66@71a3
lj0197_001	61@77a2	66@114b6	66@74a4
lj0198_001	61@96a1	66@145a3	66@91b1
lj0199_001	61@261b4	67@1b1	66@245b2
lj0200_001	61@276b8	67@24a2	66@259b5
lj0201_001	61@281b5	67@30b7	66@264a4
lj0202_001	61@302a7	66@60b4	66@283b2
lj0203_001	62@1b2	67@105a1	67@1b1
lj0204_001	62@91a4	67@235a4	67@90a1
lj0205_001	62@222a7	67@423a2	67@210a1
lj0206_001	62@279a3	67@506a4	67@264a1
lj0207_001	62@305a3	68@1b1	67@288a1
lj0208_001	63@1b1	68@52b7	68@1b1
lj0209_001	63@5a4	68@58a6	68@5b3
lj0210_001	63@6b4	68@60b2	68@7a2
lj0211_001	63@13a4	68@69b7	68@13b1
lj0212_001	63@17a7	68@75b4	68@17b3
lj0213_001	63@21a3	68@80b7	68@21b1
lj0214_001	63@26a1	68@88a1	68@26a5
lj0215_001	63@29b1	68@93a1	68@29b6
lj0216_001	63@35b3	68@101b6	68@36a1
lj0217_001	63@44b1	68@114b7	68@44b3
lj0218_001	63@49b7	68@123a1	68@49b6
lj0219_001	63@52b7	68@127a7	68@52b6
lj0220_001	63@54b7	68@130b1	68@54b6
lj0221_001	63@55a8	68@131a5	68@55a7
lj0222_001	63@55b3	68@131b3	68@55b4
lj0223_001	63@55b6	68@131b6	68@55b6
lj0224_001	63@56a4	68@132b1	68@56a5
lj0225_001	63@57a3	68@133b5	68@57a3
lj0226_001	63@77a1	68@164a6	68@77a3
lj0227_001	63@79b5	68@168a6	68@79b7
lj0228_001	63@82a1	68@171a5	68@82a1
lj0228_002	63@94a6	68@189a3	68@95b1
lj0228_003	63@107a3	68@207b3	68@109a2
lj0228_004	63@118b4	68@224b1	68@121a5
lj0228_005	63@130a2	68@240a1	68@132a6
lj0228_006	63@142b6	68@257a2	68@144a6
lj0228_007	63@155a3	68@273b6	68@155b1
lj0228_008	63@167b2	68@290a7	68@167b2
lj0228_009	63@180a3	68@307b2	68@179a7
lj0228_010	63@193a5	68@325b1	68@191b7
lj0228_011	63@206b6	68@343b1	68@204a6
lj0228_012	63@219b4	68@360b4	68@215b6
lj0228_013	63@232a7	68@378a1	68@226b6
lj0228_014	63@244a3	68@394b2	68@237b3
lj0228_015	63@256a4	68@411a4	68@248b7
lj0228_016	63@268b7	68@428a2	68@260b7
lj0228_017	63@280b7	68@444b6	68@272a3
lj0228_018	63@293a5	68@461b4	68@283a7
lj0228_019	63@305b5	68@478b7	68@294b6
lj0228_020	63@317a8	68@495b3	68@305a2
lj0228_021	64@1b1	69@1b1	69@1b1
lj0228_022	64@13b1	69@20a7	69@13b5
lj0228_023	64@25b4	69@39b7	69@26a1
lj0228_024	64@37a1	69@58b1	69@38a1
lj0228_025	64@49b2	69@77a2	69@50b1
lj0228_026	64@61b7	69@94a5	69@62a6
lj0228_027	64@74b1	69@111b7	69@74a3
lj0228_028	64@87a2	69@128b7	69@85b6
lj0228_029	64@99b7	69@146b2	69@97b7
lj0228_030	64@119a1	69@164b4	69@109b3
lj0228_031	64@132a2	69@185a3	69@122a1
lj0228_032	64@145a3	69@206a1	69@135a7
lj0228_033	64@157b1	69@225b1	69@148a1
lj0228_034	64@169a4	69@243b4	69@159b4
lj0228_035	64@182a2	69@261a7	69@171a2
lj0228_036	64@195b5	69@280a5	69@182b3
lj0228_037	64@208b4	69@298b3	69@193b7
lj0228_038	64@225a5	69@315b3	69@205a2
lj0228_039	64@238b3	69@334b1	69@217b1
lj0228_040	64@251a4	69@352b3	69@229a6
lj0228_041	64@262b4	69@369a6	69@240b4
lj0228_042	64@274b8	69@387b6	69@252b1
lj0228_043	64@287a4	69@405b5	69@263b5
lj0228_044	64@299b8	69@424b6	69@275a1
lj0228_045	64@311a3	69@441b3	69@285a1
lj0228_046	65@1b1	70@1b1	70@1b1
lj0228_047	65@23b4	70@37b1	70@22b1
lj0228_048	65@47b2	70@75b2	70@44a5
lj0228_049	65@108b1	70@174b4	70@101a1
lj0228_050	65@139b8	70@223b2	70@129b2
lj0228_051	65@149a2	70@237b7	70@137b5
lj0228_052	65@167b6	70@266b5	70@154a3
lj0228_053	65@208b1	70@324a4	70@190b2
lj0228_054	65@210b2	70@327a6	70@192a7
lj0228_055	65@238a6	70@366b6	70@216a2
lj0228_056	66@1a1	71@1b1	71@1b1
lj0228_057	66@20a7	71@30a4	71@18b1
lj0228_058	66@86a5	71@127b1	71@81b2
lj0228_059	66@111b2	71@160b3	71@103b6
lj0229_001	66@251b2	71@445a1	71@230a1
lj0230_001	66@268a2	71@467b4	71@244b1
lj0231_001	66@275a1	71@476b2	71@250a1
lj0232_001	66@278b8	71@482a4	71@253b2
lj0233_001	66@288a3	71@495a7	71@262a1
lj0234_001	66@292a3	71@501a2	71@265b4
lj0235_001	66@294a1	71@503b3	71@267b1
lj0236_001	66@303b2	71@517b2	71@276a1
lj0237_001	66@326a1	71@549b1	71@295b2
lj0238_001	66@327b4	71@551b6	71@297a2
lj0239_001	66@332b3	71@559a1	71@301b2
lj0240_001	66@335a5	71@562b3	71@303b4
lj0241_001	66@336a7	71@564a2	71@304b3
lj0242_001	67@1b2	72@1b1	72@1b1
lj0242_002	67@21a1	72@29b4	72@19a7
lj0242_003	67@41a1	72@58a6	72@37b6
lj0242_004	67@61a1	72@88b1	72@57a4
lj0242_005	67@81a1	72@116b6	72@75a4
lj0242_006	67@101a1	72@144a6	72@93a3
lj0242_007	67@121a1	72@174a3	72@112a5
lj0243_001	67@134a6	72@193b3	72@125a7
lj0244_001	67@135b8	72@196a2	72@127a2
lj0245_001	67@136b6	72@197a6	72@128a1
lj0246_001	67@139b3	72@201b1	72@130b4
lj0247_001	67@140a7	72@202b3	72@131b1
lj0248_001	67@152b8	72@214a3	72@139a4
lj0249_001	67@159b6	72@223b7	72@145b4
lj0250_001	67@169a5	72@237b4	72@155a2
lj0251_001	67@169b8	72@238b4	72@155b5
lj0252_001	67@171a6	72@241b4	72@157a6
lj0253_001	67@171b5	72@242a6	72@157b4
lj0254_001	67@175b4	72@248a7	72@161b1
lj0255_001	67@178a2	72@252a4	72@163b6
lj0256_001	67@183b6	72@260b3	72@169a4
lj0257_001	67@184b2	72@261b4	72@170a1
lj0258_001	67@185a5	72@262b6	72@170b4
lj0259_001	67@202b2	72@289a1	72@188a7
lj0260_001	67@208a2	72@297a7	72@194a1
lj0261_001	67@211a6	72@302a4	72@197a1
lj0262_001	67@213a3	72@305a1	72@198b5
lj0263_001	67@215b2	72@308b6	72@201a6
lj0264_001	67@218a7	72@313b3	72@204a4
lj0265_001	67@218b2	72@313b6	72@204a6
lj0266_001	67@218b5	72@314a6	72@240b3
lj0267_001	67@223a3	72@320b7	72@209a1
lj0268_001	67@270a3	72@387b2	72@253b1
lj0269_001	67@271a7	72@389a6	72@254b3
lj0270_001	67@274a5	72@393b1	72@257a7
lj0271_001	67@275b7	72@395b5	72@258b7
lj0272_001	67@276b4	72@396b6	72@259b3
lj0273_001	67@277a5	72@397b4	72@260a5
lj0274_001	67@281a1	72@403a2	72@263b6
lj0275_001	67@285b2	72@409b1	72@268a5
lj0276_001	67@288b3	72@413b4	72@271a5
lj0277_001	67@291b8	72@418b3	72@274a7
lj0278_001	67@292b6	72@420a2	72@275a6
lj0279_001	67@294b3	72@455a7	72@277a4
lj0280_001	67@316b2	72@490b5	72@298b7
lj0281_001	68@1b1	73@1b1	73@1b1
lj0281_002	68@18a5	73@26b2	73@17b6
lj0281_003	68@34b1	73@47b4	73@32b4
lj0281_004	68@46a1	73@62b7	73@42b4
lj0281_005	68@57a2	73@77b5	73@52a7
lj0281_006	68@70a7	73@96a7	73@64b4
lj0281_007	68@82a7	73@114a3	73@76a4
lj0281_008	68@97b1	73@135b2	73@91a1
lj0281_009	68@111a8	73@155a7	73@104b1
lj0281_010	68@126b6	73@177a2	73@119b3
lj0281_011	68@140a6	73@196a1	73@132b4
lj0281_012	68@150b3	73@210b1	73@142a6
lj0281_013	68@161a6	73@225a7	73@152b3
lj0281_014	68@171b8	73@240b5	73@162b7
lj0281_015	68@184b1	73@259a4	73@174a7
lj0281_016	68@198a3	73@278b6	73@187a5
lj0281_017	68@210a7	73@296a6	73@199a1
lj0281_018	68@220b5	73@311a3	73@208b3
lj0281_019	68@233a8	73@330a3	73@220b7
lj0281_020	68@245a5	73@347b7	73@232a6
lj0281_021	68@256a4	73@364b2	73@242a5
lj0281_022	68@269b7	73@385a1	73@254b5
lj0281_023	68@283a1	73@402a7	73@265b7
lj0281_024	68@293b2	73@417b3	73@276a4
lj0281_025	68@307b5	73@437b2	73@288b1
lj0281_026	68@319a5	73@454a2	73@298b3
lj0281_027	69@1b1	74@1b1	74@1b1
lj0281_028	69@14b4	74@20b5	74@13a1
lj0281_029	69@25b1	74@35b1	74@22b4
lj0281_030	69@38b2	74@53b5	74@34a2
lj0281_031	69@52b8	74@72b4	74@45b1
lj0281_032	69@67b6	74@93b6	74@58a6
lj0281_033	69@82a8	74@113a4	74@70a7
lj0281_034	69@95b6	74@131a6	74@81a7
lj0281_035	69@111a2	74@152b6	74@94b6
lj0281_036	69@122b4	74@170a7	74@105b4
lj0281_037	69@133b7	74@186b3	74@116a1
lj0282_001	69@148b1	74@207b5	74@129b1
lj0282_002	69@165a4	74@234b5	74@145b1
lj0282_003	69@177a6	74@252a6	74@156b3
lj0282_004	69@194a2	74@277a3	74@170b6
lj0282_005	69@208a2	74@296b1	74@182b1
lj0282_006	69@225b3	74@319b3	74@197a4
lj0282_007	69@240b3	74@342a4	74@211b7
lj0282_008	69@253b2	74@359b4	74@223a3
lj0282_009	69@267b7	74@380b1	74@236a2
lj0282_010	69@281a3	74@400a2	74@248b3
lj0282_011	69@300a2	74@426a6	74@265b5
lj0282_012	69@315b5	74@450a6	74@281a7
lj0284_001	70@1b2	75@1b1	75@1b1
lj0284_002	70@13b4	75@20a3	75@12b7
lj0284_003	70@29a5	75@42a4	75@26b6
lj0284_004	70@41b3	75@59b1	75@37b7
lj0284_005	70@53b7	75@76a2	75@49a6
lj0284_006	70@68b2	75@96b4	75@67a1
lj0284_007	70@80b6	75@115b7	75@75a3
lj0284_008	70@94b3	75@135a6	75@87a1
lj0284_009	70@105b4	75@151a3	75@97a3
lj0284_010	70@120b7	75@172b2	75@111a2
lj0284_011	70@132a5	75@190a4	75@122a2
lj0284_012	70@144b7	75@208b6	75@134a1
lj0284_013	70@158a1	75@227b3	75@146a6
lj0284_014	70@170b5	75@245b7	75@159a2
lj0284_015	70@183b5	75@264a3	75@171b4
lj0284_016	70@197b6	75@284a4	75@184a7
lj0284_017	70@212a8	75@306a2	75@197b1
lj0284_018	70@226a8	75@327a3	75@210a5
lj0284_019	70@243b4	75@351a2	75@225b1
lj0284_020	70@258a5	75@372a7	75@239a2
lj0284_021	70@274a3	75@396a6	75@254a6
lj0284_022	70@290a3	75@418a6	75@269a4
lj0285_001	70@309b9	75@446a1	75@287a1
lj0286_001	70@313b6	75@450a1	75@289b2
lj0287_001	70@315b6	75@452b7	75@291b1
lj0288_001	71@1b2	76@1b1	76@1b1
lj0289_001	71@22b4	76@64b1	76@22a4
lj0290_001	71@32b1	76@49a7	76@31b3
lj0291_001	71@52b7	76@79a4	76@50a5
lj0292_001	71@58b5	76@87b7	76@55b7
lj0293_001	71@74b4	76@111a5	76@70b2
lj0294_001	71@91b6	76@135b6	76@86a2
lj0294_002	71@107b5	76@162a2	76@102b3
lj0294_003	71@123b3	76@187a4	76@118a5
lj0294_004	71@138b2	76@211a6	76@133b2
lj0294_005	71@153b6	76@236a5	76@149a2
lj0294_006	71@168b1	76@258b4	76@162b1
lj0294_007	71@189b7	76@292a2	76@183a4
lj0295_001	71@204a1	76@314a1	76@199a1
lj0296_001	71@216a1	76@331a1	76@209a1
lj0297_001	71@224a1	76@342a6	76@216a5
lj0298_001	71@229a3	76@349a7	76@220b6
lj0299_001	71@242a2	76@367b7	76@232b1
lj0300_001	71@290a1	76@435b2	76@277b5